{
    "center": [
        -5.156633363823564e-05,
        0.12477073520519118,
        8.930694457128988e-06
    ],
    "extents": [
        0.1100830096905971,
        0.25418474618886155,
        0.12185387960692179
    ],
    "scale": [
        0.6,
        0.6,
        0.6
    ],
    "transform_matrix": [
        [
            1.0,
            0.0,
            0.0,
            0.0
        ],
        [
            0.0,
            1.0,
            0.0,
            0.0
        ],
        [
            0.0,
            0.0,
            1.0,
            0.0
        ],
        [
            0.0,
            0.0,
            0.0,
            1.0
        ]
    ],
    "target_pose": [],
    "contact_points_pose": [
        [
            [
                -0.05536999925971031,
                -0.01768999919295311,
                -0.9983100295066833,
                -0.0006200000061653554
            ],
            [
                0.9984599947929382,
                0.0007200000109151006,
                -0.055390000343322754,
                0.14258000254631042
            ],
            [
                0.0017000000225380063,
                -0.9998400211334229,
                0.01761999912559986,
                -0.034699998795986176
            ],
            [
                0.0,
                0.0,
                0.0,
                1.0
            ]
        ],
        [
            [
                -0.0007200000109151006,
                0.017980000004172325,
                0.9998400211334229,
                -0.0011500000255182385
            ],
            [
                0.999970018863678,
                0.007160000037401915,
                0.000590000010561198,
                0.14579999446868896
            ],
            [
                -0.007149999961256981,
                0.999809980392456,
                -0.017990000545978546,
                0.03375000134110451
            ],
            [
                0.0,
                0.0,
                0.0,
                1.0
            ]
        ],
        [
            [
                0.01638999953866005,
                0.9998700022697449,
                -0.0002800000074785203,
                0.013319999910891056
            ],
            [
                0.9980400204658508,
                -0.016370000317692757,
                -0.06032000109553337,
                0.1418900042772293
            ],
            [
                -0.06032000109553337,
                0.0007099999929778278,
                -0.9981799721717834,
                -0.0041600000113248825
            ],
            [
                0.0,
                0.0,
                0.0,
                1.0
            ]
        ],
        [
            [
                -0.026200000196695328,
                -0.9996600151062012,
                0.0003499999875202775,
                -0.019339999184012413
            ],
            [
                0.997979998588562,
                -0.026170000433921814,
                -0.05787999927997589,
                0.14685000479221344
            ],
            [
                0.05787000060081482,
                -0.0011699999449774623,
                0.9983199834823608,
                0.009189999662339687
            ],
            [
                0.0,
                0.0,
                0.0,
                1.0
            ]
        ]
    ],
    "functional_matrix": [],
    "orientation_point": [],
    "contact_points_group": [],
    "contact_points_mask": [],
    "target_point_description": [],
    "contact_points_description": [],
    "functional_point_description": [],
    "orientation_point_description": []
}