{
    "center": [
        6.237185993006993e-07,
        0.09953942236462313,
        -6.40466492439649e-07
    ],
    "extents": [
        0.10088529748584808,
        0.20274669473322768,
        0.10177765503408401
    ],
    "scale": [
        0.6,
        0.6,
        0.6
    ],
    "transform_matrix": [
        [
            1.0,
            0.0,
            0.0,
            0.0
        ],
        [
            0.0,
            1.0,
            0.0,
            0.0
        ],
        [
            0.0,
            0.0,
            1.0,
            0.0
        ],
        [
            0.0,
            0.0,
            0.0,
            1.0
        ]
    ],
    "target_pose": [],
    "contact_points_pose": [
        [
            [
                0.017909999936819077,
                -0.9984400272369385,
                0.052880000323057175,
                -0.024979999288916588
            ],
            [
                0.9996500015258789,
                0.01891000010073185,
                0.01840999908745289,
                0.06661999970674515
            ],
            [
                -0.019379999488592148,
                0.05253000184893608,
                0.9984300136566162,
                0.0013599999947473407
            ],
            [
                0.0,
                0.0,
                0.0,
                1.0
            ]
        ],
        [
            [
                0.0391400009393692,
                -0.00343999988399446,
                0.9992300271987915,
                -0.0010100000072270632
            ],
            [
                0.9992200136184692,
                0.005169999785721302,
                -0.03911999985575676,
                0.07836999744176865
            ],
            [
                -0.005030000116676092,
                0.9999799728393555,
                0.003640000009909272,
                0.022129999473690987
            ],
            [
                0.0,
                0.0,
                0.0,
                1.0
            ]
        ]
    ],
    "functional_matrix": [],
    "orientation_point": [],
    "contact_points_group": [],
    "contact_points_mask": [],
    "target_point_description": [],
    "contact_points_description": [],
    "functional_point_description": [],
    "orientation_point_description": []
}